{
    "services": [
        {
            "serviceType": "Battery",
            "description": "Battery",
            "commands": null,
            "properties": [                
				{
                    "propertyName": "batteryLevel",
                    "dataType": "int",
                    "required": true,
                    "min": 0,
                    "max": 100,
                    "step": 1,
                    "maxLength": 0,
                    "method": "RE",
                    "unit": "%",
                    "enumList": null
                }
            ]
        }
    ]
}