{
    "services":[
        {
            "serviceType":"DM",
            "description":null,
            "commands":[
                {
                    "commandName":"PUSH_COMMAND",
                    "paras":null
                },
                {
                    "commandName":"UPDATE_CONFIGURATION",
                    "paras":null
                },
                {
                    "commandName":"COLLECT_LOG",
                    "paras":null
                },
                {
                    "commandName":"UPGRADE_BUNDLE",
                    "paras":null
                },
                {
                    "commandName":"INSTALL_BUNDLE",
                    "paras":null
                },
                {
                    "commandName":"START_BUNDLE",
                    "paras":null
                },
                {
                    "commandName":"STOP_BUNDLE",
                    "paras":null
                },
                {
                    "commandName":"UNINSTALL_BUNDLE",
                    "paras":null
                },
                {
                    "commandName":"BUNDLE_SYNCHRONIZATION",
                    "paras":null
                },
                {
                    "commandName":"UPGRADE_FIRMWARE",
                    "paras":null
                },
                {
                    "commandName":"UPGRADE_SOFTWARE",
                    "paras":null
                },
                {
                    "commandName":"GET",
                    "paras":null
                },
                {
                    "commandName":"REST",
                    "paras":null
                },
                {
                    "commandName":"REBOOT",
                    "paras":null
                },
                {
                    "commandName":"DOWNLOAD_SWPACKAGE",
                    "paras":null
                },
                {
                    "commandName":"SWUPDATE",
                    "paras":null
                },
                {
                    "commandName":"DOWNLOAD_FWPACKAGE",
                    "paras":null
                },
                {
                    "commandName":"FWUPDATE",
                    "paras":null
                }
            ],
            "properties":[
                {
                    "propertyName":"swVersion",
                    "dataType":"string",
                    "required":true,
                    "min":"0",
                    "max":"0",
                    "step":0,
                    "maxLength":256,
                    "method":null,
                    "unit":null,
                    "enumList":null
                },
                {
                    "propertyName":"fwVersion",
                    "dataType":"string",
                    "required":true,
                    "min":"0",
                    "max":"0",
                    "step":0,
                    "maxLength":256,
                    "method":null,
                    "unit":null,
                    "enumList":null
                }
            ]
        }
    ]
}