{
    "devices": [
        {
            "manufacturerId": "LierdaWSN",
            "manufacturerName": "LierdaWSN",
            "model":  "Band",
            "protocolType": "CoAP",
            "deviceType": "NB05",
			"omCapability": 
			{
			"upgradeCapability":{
			"supportUpgrade":true,
			"upgradeProtocolType" : "PCP"
			},
			"fwUpgradeCapability":{
			"supportUpgrade":true,
			"upgradeProtocolType":"LWM2M",
			"downloadProtocolType":"CoAP"
			}
			},
            "serviceTypeCapabilities": [
                {
                    "serviceId": "DeviceInfo",
                    "serviceType": "DeviceInfo",
                    "option": "Mandatory"
                },
				{
                    "serviceId": "Battery",
                    "serviceType": "Battery",
                    "option": "Mandatory"
                },
				{
                    "serviceId": "Connectivity",
                    "serviceType": "Connectivity",
                    "option": "Mandatory"
                },
				{
                    "serviceId": "InfoRawData",
                    "serviceType": "InfoRawData",
                    "option": "Master"
                }
            ]
        }
    ]
}