{
    "services": [
        {
            "serviceType": "Connectivity",
            "description": "Connectivity",
            "commands": null,
            "properties": [                
				{
                    "propertyName": "signalStrength",
                    "dataType": "int",
                    "required": true,
                    "min": -144,
                    "max": -44,
                    "step": 1,
                    "maxLength": 0,
                    "method": "RE",
                    "unit": "dBm",
                    "enumList": null
                },
				{
                    "propertyName": "signalSNR",
                    "dataType": "int",
                    "required": true,
                    "min": -20,
                    "max": 30,
                    "step": 1,
                    "maxLength": 0,
                    "method": "RE",
                    "unit": "dB",
                    "enumList": null
                },
				{
                    "propertyName": "signalECL",
                    "dataType": "int",
                    "required": true,
                    "min": 0,
                    "max": 2,
                    "step": 1,
                    "maxLength": 0,
                    "method": "RE",
                    "unit": null,
                    "enumList": null
                },
				{
                    "propertyName": "linkQuality",
                    "dataType": "int",
                    "required": false,
                    "min": -19.5,
                    "max": -3,
                    "step": 1,
                    "maxLength": 0,
                    "method": "RE",
                    "unit": "dB",
                    "enumList": null
                },
				{
                    "propertyName": "CellID",
                    "dataType": "int",
                    "required": false,
                    "min": 0,
                    "max": 4294967295,
                    "step": 1,
                    "maxLength": 0,
                    "method": "RE",
                    "unit": null,
                    "enumList": null
                }
            ]
        }
    ]
}