{
    "services": [
        {
            "serviceType": "DeviceInfo",
            "description": "DeviceInfo",
            "commands": null,
            "properties": [
                {
                    "propertyName": "deviceType",
                    "dataType": "int",
                    "required": false,
                    "min": 0,
                    "max": 1,
                    "step": 1,
                    "maxLength": 0,
                    "method": "RE",
                    "unit": null,
                    "enumList": null
                },
                {
                    "propertyName": "IMEI",
                    "dataType": "string",
                    "required": false,
                    "min": 0,
                    "max": 100,
                    "step": 1,
                    "maxLength": 100,
                    "method": "WRE",
                    "unit": null,
                    "enumList": null
                },				
				{
                    "propertyName": "Battery_Live",
                    "dataType": "int",
                    "required": false,
                    "min": 0,
                    "max": 1,
                    "step": 1,
                    "maxLength": 0,
                    "method": "RE",
                    "unit": null,
                    "enumList": null
                },				
				{
                    "propertyName": "KUOZHAN",
                    "dataType": "int",
                    "required": false,
                    "min": 0,
                    "max": 2,
                    "step": 1,
                    "maxLength": 0,
                    "method": "RE",
                    "unit": null,
                    "enumList": null
                },
				{
                    "propertyName": "sos",
                    "dataType": "int",
                    "required": false,
                    "min": 0,
                    "max": 1,
                    "step": 1,
                    "maxLength": 0,
                    "method": "RE",
                    "unit": null,
                    "enumList": null
                },
				{
                    "propertyName": "Active",
                    "dataType": "int",
                    "required": true,
                    "min": 0,
                    "max": 2,
                    "step": 1,
                    "maxLength": 0,
                    "method": "WRE",
                    "unit": "min",
                    "enumList": null
                },
				{
                    "propertyName": "len",
                    "dataType": "int",
                    "required": true,
                    "min": 0,
                    "max": 2,
                    "step": 1,
                    "maxLength": 0,
                    "method": "RE",
                    "unit": null,
                    "enumList": null
                }
            ]
        }
    ]
}