{
    "services": [
        {
            "serviceType": "InfoRawData",
            "description": "InfoRawData",
            "commands": [ 
                { 
                    "commandName": "SET_DEVICE", 
                    "paras": [ 
                        { 
                            "paraName": "value", 
                            "dataType": "string", 
                            "required": true, 
                            "min": 0, 
                            "max": 200, 
                            "step": 1, 
                            "maxLength": 1000, 
                            "unit": null, 
                            "enumList": null 
                        } 
                    ], 
					"responses": [ 
                        { 
                            "responseName": "DEVICE_RSP", 
                            "paras": [ 
                                { 
                                    "paraName": "device_result", 
                                    "dataType": "string", 
                                    "required": true, 
                                    "min": -1000000, 
                                    "max": 1000000, 
                                    "step": 1, 
                                    "maxLength": 100, 
                                    "unit": null, 
                                    "enumList": null 
                                } 
                            ] 
                        } 
                    ] 					
                },
				{
					"commandName": "FIND_DEVICE", 
                    "paras": [ 
                        { 
                            "paraName": "value", 
                            "dataType": "string", 
                            "required": true, 
                            "min": 0, 
                            "max": 200, 
                            "step": 1, 
                            "maxLength": 1000, 
                            "unit": null, 
                            "enumList": null 
                        } 
                    ], 
					"responses": [ 
                        { 
                            "responseName": "FIND_DEVICE_RSP", 
                            "paras": [ 
                                { 
                                    "paraName": "device_result", 
                                    "dataType": "string", 
                                    "required": true, 
                                    "min": -1000000, 
                                    "max": 1000000, 
                                    "step": 1, 
                                    "maxLength": 100, 
                                    "unit": null, 
                                    "enumList": null 
                                } 
                            ] 
                        } 
                    ] 		
				}			
            ],
            "properties": [
                {
                    "propertyName": "InfoRawData",
                    "dataType": "string",
                    "required": true,
                    "min": 0,
                    "max": 200,
                    "step": 1,
                    "maxLength": 1000,
                    "method": "RE",
                    "unit": null,
                    "enumList": null
                }
            ]
        }
    ]
}